{
    "open": 0.49097,
    "high": 0.0,
    "low": 0.0,
    "close": 0.0,
    "adjclose": 0.50903
}