{
    "Expected annual return": 0.1967900170142906,
    "Annual volatility": 0.2223132020312175,
    "Sharpe Ratio": 0.7952295023372726
}