{
    "open": 0.46939,
    "high": 0.0,
    "low": 0.0,
    "close": 0.0,
    "adjclose": 0.53061
}