{
    "Expected annual return": 0.18734131517977043,
    "Annual volatility": 0.19943956768091953,
    "Sharpe Ratio": 0.8390577513058862
}